id,user_id,date,calories_burnt
0,219,2023-05-17 07:24:48,989
1,139,2022-12-13 17:08:24,227
2,298,2023-06-01 03:04:10,997
3,388,2021-12-17 02:55:29,177
4,498,2021-04-12 06:59:43,602
5,380,2023-03-04 00:16:56,405
6,697,2021-08-02 05:35:26,371
7,124,2023-07-11 13:27:37,999
8,627,2023-07-31 07:49:00,827
9,945,2023-12-30 14:07:21,64
10,314,2024-10-05 22:04:59,580
11,61,2024-03-11 14:59:52,909
12,582,2024-05-07 07:19:26,179
13,834,2024-06-05 13:58:26,722
14,536,2024-09-07 10:58:43,628
15,309,2024-10-15 13:05:59,827
16,34,2024-02-22 11:27:03,186
17,491,2024-04-13 10:24:50,875
18,444,2024-03-15 04:11:25,805
19,43,2023-12-19 00:10:36,712
20,602,2024-09-26 11:28:05,668
21,58,2024-07-08 09:08:57,288
22,263,2024-03-10 05:12:59,847
23,88,2024-07-14 08:15:08,260
24,943,2023-12-26 17:23:24,881
25,633,2023-12-20 09:30:55,418
26,962,2024-09-18 18:55:18,693
27,91,2024-09-28 20:39:31,819
28,133,2024-07-20 09:54:08,648
29,1046,2024-02-23 00:06:59,670
30,535,2024-09-21 04:00:43,289
31,68,2024-04-13 00:13:20,818
32,565,2024-07-30 17:27:50,876
33,289,2024-01-26 01:43:43,640
34,384,2023-12-26 01:43:02,807
35,210,2023-12-30 03:48:41,886
36,106,2024-05-31 20:46:16,323
37,156,2024-01-17 20:39:55,766
38,228,2023-11-23 01:53:16,594
39,591,2024-09-02 00:51:31,785
40,175,2024-07-22 11:32:05,416
41,827,2024-09-15 02:01:39,639
42,383,2023-11-17 19:19:18,572
43,415,2024-08-30 13:41:31,241
44,762,2024-07-07 04:15:53,765
45,1024,2024-03-19 13:36:42,407
46,548,2024-01-28 04:53:10,248
47,741,2024-07-25 07:41:22,312
48,142,2024-03-14 07:42:15,559
49,115,2023-11-10 14:47:13,509
50,322,2024-10-22 05:25:37,620
51,939,2023-11-03 07:33:00,289
52,778,2024-06-20 03:38:12,306
53,711,2024-10-19 21:55:46,999
54,604,2024-01-03 21:27:02,347
55,32,2024-09-10 01:27:27,668
56,421,2024-09-15 12:03:59,467
57,719,2024-08-10 21:56:38,794
58,196,2024-02-23 22:43:00,437
59,501,2024-04-13 03:07:26,395
60,938,2024-06-06 17:15:56,258
61,798,2024-05-17 11:01:32,878
62,491,2024-09-02 13:50:39,662
63,504,2023-11-06 01:28:21,795
64,374,2024-05-08 17:47:16,717
65,26,2024-08-31 19:29:05,245
66,415,2024-01-21 11:33:57,746
67,1003,2024-05-19 13:43:24,885
68,87,2024-07-27 10:02:20,506
69,225,2024-03-26 10:01:04,224
70,377,2024-05-14 15:36:54,360
71,777,2024-04-30 02:10:13,152
72,1029,2024-02-12 08:05:57,986
73,937,2024-02-27 15:04:49,565
74,802,2024-04-06 00:46:47,973
75,146,2023-11-03 15:34:52,457
76,495,2024-02-01 17:41:30,510
77,143,2024-07-01 13:01:03,869
78,98,2024-08-26 16:05:39,972
79,76,2024-01-28 03:11:52,429
80,279,2023-12-03 06:04:00,847
81,393,2023-12-06 06:56:35,823
82,636,2024-06-10 05:53:09,724
83,564,2024-01-15 09:19:55,940
84,302,2023-12-06 16:23:53,890
85,989,2024-07-17 18:34:08,701
86,1008,2024-05-27 22:24:30,482
87,162,2023-11-14 10:28:12,303
88,389,2024-03-07 15:54:54,428
89,788,2024-03-28 00:57:41,149
90,234,2024-09-05 05:58:38,879
91,689,2024-10-24 05:40:42,657
92,1001,2024-06-24 08:50:25,699
93,571,2024-07-06 02:42:10,174
94,404,2023-11-07 03:10:07,798
95,241,2024-08-12 14:04:46,283
96,51,2024-03-24 19:34:32,983
97,77,2023-12-13 01:59:31,634
98,772,2024-09-09 13:16:48,410
99,46,2024-07-17 23:54:34,820
100,296,2024-02-24 06:53:26,910
101,1046,2024-02-13 11:42:46,629
102,340,2024-01-17 21:11:16,694
103,96,2024-08-15 07:01:35,124
104,239,2024-03-05 18:36:35,576
105,38,2024-05-02 21:04:38,182
106,474,2024-09-18 02:36:51,163
107,621,2024-09-18 02:23:09,132
108,1026,2024-07-07 04:46:52,727
109,328,2024-10-13 15:35:38,936
110,118,2024-03-23 18:40:34,870
111,853,2024-06-03 00:23:46,761
112,570,2024-06-18 07:31:48,591
113,684,2024-01-17 03:15:24,920
114,491,2023-11-07 23:34:29,306
115,712,2023-12-17 19:07:47,274
116,970,2024-05-03 23:22:11,520
117,581,2024-06-04 00:56:06,289
118,26,2024-07-30 10:09:13,154
119,71,2024-08-09 18:38:33,439
120,364,2024-06-10 13:03:41,146
121,846,2024-07-01 13:40:05,918
122,892,2024-02-20 13:05:32,852
123,259,2024-08-23 10:29:10,194
124,793,2024-04-15 05:27:45,873
125,506,2024-08-18 18:55:53,274
126,863,2024-03-01 09:16:08,925
127,690,2024-04-16 03:42:53,631
128,1,2024-10-14 20:03:30,430
129,321,2023-11-10 21:39:29,541
130,368,2024-04-13 19:38:08,962
131,218,2024-01-04 05:13:39,856
132,141,2024-03-22 23:43:04,838
133,601,2024-04-06 10:08:07,877
134,653,2024-07-09 11:54:06,624
135,523,2024-09-08 02:37:44,767
136,463,2024-02-19 12:11:54,155
137,52,2024-03-13 10:17:50,657
138,630,2024-03-15 21:45:01,900
139,391,2024-06-15 04:42:48,411
140,852,2023-12-02 20:32:29,752
141,733,2024-04-15 18:36:39,762
142,340,2024-03-02 19:50:41,101
143,988,2023-11-27 03:01:19,738
144,653,2024-10-12 10:50:59,288
145,919,2023-12-03 00:36:46,477
146,519,2024-03-22 19:36:54,718
147,716,2024-01-27 12:05:52,428
148,10,2024-03-17 22:23:08,530
149,376,2024-02-03 15:57:03,883
150,422,2024-02-02 17:13:43,595
151,784,2024-01-21 08:33:17,704
152,618,2024-06-13 18:51:39,538
153,229,2024-05-30 11:28:34,254
154,165,2024-05-21 03:25:04,583
155,138,2024-02-24 15:15:01,333
156,540,2024-10-12 02:00:59,539
157,607,2024-09-22 03:57:17,620
158,204,2024-06-25 10:31:32,529
159,1041,2024-01-09 09:17:57,880
160,482,2024-09-27 03:34:45,569
161,962,2024-02-29 23:25:48,940
162,899,2023-11-22 17:37:42,512
163,744,2024-01-05 16:02:07,510
164,750,2024-09-26 10:43:10,272
165,849,2024-06-24 16:58:08,351
166,235,2024-03-24 11:50:44,951
167,1013,2024-06-14 03:14:47,203
168,886,2024-10-15 16:47:09,972
169,61,2023-11-17 04:06:28,553
170,507,2024-02-17 23:49:14,373
171,646,2024-05-07 02:13:03,631
172,7,2024-01-26 04:00:37,393
173,962,2024-08-01 13:28:41,551
174,977,2023-12-26 03:20:24,299
175,231,2024-05-12 02:49:05,615
176,855,2024-07-25 20:40:04,466
177,546,2024-01-30 12:24:30,273
178,327,2024-03-21 01:37:45,456
179,427,2023-12-13 01:39:44,542
180,573,2024-08-20 21:58:26,315
181,639,2024-05-04 09:48:49,169
182,202,2024-06-22 16:16:10,509
183,260,2024-05-05 06:06:58,775
184,752,2023-10-29 03:09:43,662
185,938,2023-11-03 01:02:42,358
186,452,2024-09-13 12:33:37,626
187,689,2024-09-10 17:52:42,792
188,380,2024-06-13 17:55:41,628
189,666,2024-01-27 18:40:29,308
190,497,2024-06-25 17:43:33,473
191,160,2024-08-22 04:41:57,778
192,931,2024-07-13 06:35:51,183
193,140,2024-09-11 05:07:30,802
194,1020,2024-10-01 09:01:32,459
195,995,2024-04-14 23:55:15,420
196,587,2023-11-02 08:50:14,793
197,993,2024-10-08 02:39:45,925
198,203,2024-05-16 11:46:52,393
199,999,2024-05-06 02:54:14,557
200,447,2024-03-24 01:12:48,560
201,1036,2024-03-15 17:41:15,468
202,727,2024-01-21 23:08:48,262
203,310,2024-06-19 02:03:12,248
204,721,2024-02-28 09:48:43,209
205,123,2023-11-30 08:01:08,371
206,439,2024-07-08 14:11:27,647
207,6,2024-01-04 12:14:36,830
208,435,2024-06-01 18:58:34,237
209,751,2024-04-15 17:08:29,354
210,533,2024-05-10 22:21:21,909
211,556,2023-11-12 13:31:38,483
212,288,2024-01-08 01:25:24,793
213,294,2024-04-23 20:26:19,934
214,933,2024-10-24 04:33:04,346
215,287,2024-05-31 06:42:49,457
216,130,2024-01-28 07:16:45,937
217,113,2023-12-12 23:24:00,836
218,428,2023-12-13 02:49:59,633
219,1044,2024-08-11 13:01:42,826
220,492,2024-01-13 18:22:28,585
221,449,2024-02-23 17:12:53,753
222,313,2024-01-12 11:28:32,950
223,351,2024-02-20 11:23:54,316
224,840,2023-11-11 03:06:36,724
225,255,2024-09-22 03:59:50,427
226,195,2024-04-09 23:50:08,294
227,240,2024-01-26 20:28:53,171
228,511,2023-12-13 11:49:59,712
229,12,2024-04-04 02:04:54,259
230,812,2024-08-11 04:51:52,937
231,209,2024-05-07 01:01:14,636
232,197,2023-12-03 17:05:14,243
233,162,2024-01-02 10:07:05,381
234,1015,2024-06-08 12:12:02,987
235,185,2024-05-20 10:16:34,838
236,1035,2024-02-29 16:13:30,677
237,260,2024-07-06 18:46:32,639
238,937,2024-04-25 14:07:29,996
239,683,2024-10-20 08:38:01,525
240,48,2024-04-12 15:48:21,550
241,328,2024-07-30 08:46:25,393
242,582,2024-06-08 00:03:03,263
243,277,2024-07-16 01:34:02,802
244,333,2024-02-10 14:27:30,321
245,174,2024-09-02 10:31:36,536
246,612,2024-07-14 03:08:50,549
247,579,2024-06-06 19:24:09,956
248,756,2024-01-23 00:07:26,311
249,881,2024-05-29 11:03:22,397
250,595,2024-01-04 01:43:07,427
251,632,2024-09-01 11:13:46,946
252,509,2024-02-23 20:41:41,354
253,473,2024-09-18 09:23:52,964
254,1047,2023-12-17 08:54:02,311
255,542,2024-10-02 09:07:15,733
256,852,2024-03-15 02:29:58,928
257,765,2024-04-23 11:57:43,483
258,417,2024-02-18 04:07:19,332
259,608,2023-12-05 16:17:39,239
260,554,2024-07-15 04:35:04,533
261,29,2024-09-24 09:22:26,112
262,16,2024-10-18 12:15:28,284
263,352,2024-10-07 19:40:54,264
264,152,2024-05-15 10:17:21,647
265,570,2024-09-17 08:30:34,773
266,894,2023-12-12 09:06:06,394
267,458,2024-08-22 16:31:07,881
268,539,2024-07-03 18:26:19,973
269,490,2024-01-25 13:46:07,546
270,678,2024-09-30 13:13:51,616
271,742,2024-06-20 21:40:40,968
272,193,2023-11-05 15:26:24,994
273,900,2024-05-13 01:37:52,146
274,694,2024-05-28 01:33:48,586
275,802,2023-12-24 02:47:58,987
276,743,2024-04-23 16:19:48,727
277,288,2024-02-08 12:43:14,737
278,258,2024-02-06 18:13:40,528
279,818,2024-09-09 12:47:02,657
280,969,2023-11-24 20:51:26,974
281,889,2024-06-19 19:47:16,581
282,690,2024-03-05 04:09:13,596
283,816,2024-05-22 02:52:30,607
284,652,2024-02-29 10:42:13,769
285,735,2024-01-12 21:33:06,731
286,423,2024-10-06 05:41:57,133
287,372,2024-10-16 00:29:59,803
288,567,2023-11-07 09:29:23,244
289,937,2024-09-07 01:33:38,896
290,423,2024-01-10 23:20:37,685
291,714,2024-04-06 04:40:55,318
292,958,2024-10-03 19:24:09,645
293,353,2024-08-24 07:42:01,630
294,962,2024-07-25 13:22:06,915
295,743,2024-07-30 17:55:59,443
296,609,2024-04-21 14:25:46,716
297,681,2024-01-06 18:38:03,349
298,902,2024-10-16 21:06:06,317
299,14,2024-06-03 10:19:15,725
300,656,2024-04-08 14:38:15,581
301,1001,2024-05-28 09:10:35,692
302,293,2024-07-26 09:16:11,125
303,332,2024-03-28 13:24:19,934
304,146,2024-02-16 04:18:23,935
305,144,2024-01-21 20:08:07,572
306,141,2023-12-18 20:02:14,656
307,686,2024-07-13 14:34:25,536
308,992,2024-05-19 16:18:45,763
309,689,2024-10-03 19:43:44,926
310,501,2024-03-20 18:56:36,448
311,128,2024-05-17 02:52:15,320
312,62,2023-12-22 18:27:43,427
313,468,2024-01-11 01:42:51,416
314,95,2024-02-01 17:54:34,721
315,828,2023-11-28 05:31:46,438
316,377,2024-04-02 23:44:45,436
317,514,2024-08-26 20:32:14,982
318,688,2024-05-16 14:42:05,138
319,328,2024-01-17 19:14:32,283
320,847,2024-05-29 04:02:42,380
321,650,2024-01-20 19:45:13,967
322,70,2024-08-06 04:59:38,310
323,890,2024-09-28 18:54:20,356
324,1036,2024-06-28 22:11:41,660
325,234,2024-02-04 05:38:13,319
326,203,2024-06-25 19:49:50,804
327,431,2024-01-19 21:31:12,717
328,874,2024-10-04 15:57:37,218
329,724,2023-11-15 06:06:17,378
330,785,2024-09-04 03:23:40,171
331,131,2023-11-16 01:59:44,806
332,463,2023-11-14 04:07:27,176
333,289,2024-08-21 10:05:54,220
334,52,2024-01-05 13:53:41,759
335,845,2024-08-04 12:12:52,681
336,936,2024-03-07 10:05:34,356
337,554,2024-04-05 12:59:10,371
338,534,2024-06-17 01:33:56,276
339,983,2024-07-31 21:00:46,492
340,132,2023-11-15 13:05:00,580
341,245,2024-08-30 10:36:27,376
342,895,2024-08-04 21:05:18,923
343,384,2024-04-05 08:04:26,785
344,44,2024-04-09 01:12:55,916
345,0,2023-11-11 05:18:40,405
346,311,2024-08-26 16:29:22,105
347,1032,2023-11-13 04:18:51,772
348,288,2024-08-07 19:22:21,718
349,290,2024-02-15 00:51:16,677
350,368,2024-04-27 02:02:34,650
351,800,2024-03-15 12:24:45,896
352,387,2023-11-04 09:49:50,396
353,428,2023-11-14 19:12:26,477
354,152,2024-06-23 11:13:36,464
355,92,2024-04-16 05:49:50,189
356,555,2023-12-18 02:08:34,921
357,760,2023-12-20 01:07:24,633
358,71,2024-10-13 05:49:04,270
359,520,2023-11-07 23:44:23,720
360,460,2024-08-02 03:34:46,305
361,699,2024-01-20 18:28:34,181
362,356,2024-07-18 06:20:48,178
363,919,2024-09-05 21:31:11,388
364,540,2024-07-16 08:58:55,904
365,999,2023-11-11 12:47:08,906
366,832,2024-02-10 12:18:53,652
367,540,2024-02-06 11:12:52,171
368,820,2024-10-05 08:57:22,891
369,162,2024-05-19 10:58:19,629
370,711,2024-01-22 22:52:02,766
371,470,2024-08-14 11:48:21,470
372,860,2024-01-16 20:52:35,482
373,230,2024-05-26 15:49:34,602
374,769,2024-03-04 23:22:27,693
375,931,2024-01-30 04:13:29,188
376,156,2024-05-18 15:55:03,479
377,19,2024-08-01 04:41:46,368
378,391,2023-10-30 10:40:49,335
379,557,2024-07-04 15:10:17,629
380,135,2024-06-09 04:13:42,341
381,818,2024-01-04 18:06:08,427
382,459,2024-07-05 08:44:26,802
383,64,2024-10-18 07:18:22,174
384,525,2024-03-01 17:17:55,316
385,687,2024-02-09 14:23:27,239
386,802,2024-06-19 18:12:48,499
387,552,2024-01-16 05:47:24,996
388,757,2023-12-15 03:34:23,376
389,204,2024-01-05 08:18:53,152
390,928,2024-02-14 09:00:47,925
391,777,2024-02-25 06:07:05,151
392,270,2024-02-21 18:15:35,344
393,286,2024-08-14 16:30:55,955
394,176,2024-10-11 01:55:00,397
395,607,2024-08-26 04:55:53,942
396,929,2024-07-29 05:25:26,689
397,749,2024-01-06 13:39:25,692
398,609,2024-01-22 23:22:51,565
399,116,2023-11-14 13:09:39,467
400,60,2024-03-14 00:08:56,190
401,516,2024-07-23 10:21:32,498
402,168,2024-06-05 13:17:15,214
403,564,2024-03-12 21:05:50,442
404,661,2024-02-19 00:28:55,490
405,643,2024-05-22 08:52:33,651
406,102,2024-05-11 04:23:16,415
407,592,2024-08-27 14:14:32,738
408,578,2024-03-31 04:25:45,480
409,606,2024-10-26 04:01:12,485
410,945,2024-04-12 03:48:39,354
411,583,2024-09-28 13:20:04,636
412,994,2024-06-05 17:03:15,261
413,665,2024-09-04 06:59:56,134
414,744,2024-08-03 13:01:08,350
415,1001,2024-02-01 00:06:13,885
416,749,2023-11-07 23:56:22,371
417,251,2024-06-08 01:41:19,633
418,649,2024-05-05 13:25:11,135
419,144,2023-12-05 10:21:05,182
420,578,2024-06-27 19:23:21,408
421,474,2023-11-20 07:41:32,992
422,285,2024-06-14 05:33:12,287
423,909,2024-07-28 06:45:59,435
424,634,2023-12-05 15:03:25,152
425,102,2023-12-30 10:36:32,767
426,741,2024-09-16 11:59:05,274
427,930,2024-10-05 22:42:11,310
428,664,2023-11-09 17:58:56,799
429,631,2023-11-18 14:56:44,221
430,249,2024-08-04 01:24:48,825
431,734,2024-01-20 22:09:01,558
432,771,2024-01-30 11:32:17,592
433,328,2024-08-12 11:30:46,638
434,1002,2024-10-07 10:48:36,729
435,552,2023-10-31 12:11:39,348
436,83,2024-04-23 08:04:30,474
437,1011,2024-01-09 10:54:44,208
438,1005,2024-07-16 23:06:25,337
439,384,2024-09-19 01:49:46,550
440,168,2024-03-23 22:58:46,447
441,490,2024-09-30 12:40:58,590
442,1035,2023-12-21 00:29:28,645
443,969,2024-01-03 04:58:26,187
444,287,2024-07-31 23:53:36,229
445,779,2024-03-15 10:57:08,608
446,90,2024-01-03 12:07:05,334
447,504,2024-03-18 22:55:23,352
448,695,2023-12-12 19:24:20,252
449,745,2024-01-11 13:47:49,536
450,160,2024-02-06 02:13:59,377
451,404,2024-08-29 08:29:18,211
452,751,2024-02-17 17:03:43,406
453,731,2024-09-29 02:54:00,745
454,34,2024-09-12 00:10:36,596
455,275,2024-01-05 07:09:35,995
456,388,2024-10-16 09:47:44,631
457,920,2024-02-21 04:49:07,594
458,17,2024-01-31 15:40:03,267
459,410,2024-08-11 22:23:36,200
460,429,2024-03-22 21:17:19,831
461,665,2024-01-07 07:58:58,129
462,469,2024-01-29 10:36:18,667
463,747,2024-01-24 01:42:57,490
464,143,2024-09-18 11:14:13,982
465,642,2023-11-10 18:23:18,238
466,404,2024-07-20 12:40:27,258
467,83,2024-01-23 18:49:51,655
468,638,2024-07-28 18:27:19,460
469,881,2024-07-19 14:36:09,388
470,166,2023-11-10 04:26:04,210
471,742,2023-11-02 13:51:06,423
472,123,2024-03-03 14:11:49,718
473,229,2024-09-25 20:21:01,476
474,285,2024-07-27 01:20:36,713
475,22,2024-07-26 22:26:59,843
476,241,2024-09-12 08:47:50,590
477,957,2024-05-29 02:34:32,882
478,57,2024-04-08 23:29:15,674
479,815,2024-03-29 11:27:55,783
480,618,2024-09-12 11:16:43,874
481,29,2023-11-06 03:23:12,861
482,463,2024-09-27 22:42:11,477
483,492,2023-11-02 11:56:25,663
484,509,2024-07-08 07:37:06,187
485,569,2024-01-21 17:06:52,623
486,257,2024-05-28 03:19:53,444
487,565,2024-10-01 07:46:11,391
488,55,2024-05-13 18:55:14,924
489,126,2024-05-18 06:00:42,426
490,506,2024-04-05 09:17:06,634
491,276,2024-09-02 16:32:46,497
492,788,2024-07-21 09:28:47,646
493,853,2023-11-24 14:40:02,134
494,232,2023-12-12 05:23:52,902
495,873,2023-11-22 20:53:12,507
496,212,2024-07-19 19:33:33,307
497,74,2024-06-11 01:35:05,384
498,70,2024-03-31 13:14:16,872
499,331,2024-08-12 01:29:15,251
500,295,2024-05-20 10:38:59,529
501,204,2024-01-18 10:23:28,893
502,754,2023-12-12 23:03:56,943
503,115,2024-08-01 17:36:18,518
504,918,2024-01-03 04:01:44,760
505,296,2023-11-29 15:36:21,180
506,938,2024-07-22 01:01:43,161
507,978,2024-02-11 10:37:47,836
508,189,2023-11-19 05:02:23,281
509,915,2024-10-20 07:10:47,657
510,488,2024-05-25 05:00:53,748
511,373,2024-08-26 22:58:44,117
512,526,2024-07-29 10:25:19,261
513,40,2024-09-12 05:20:49,479
514,561,2024-09-01 20:16:31,113
515,197,2024-10-15 03:50:59,872
516,570,2024-09-13 03:57:55,444
517,337,2024-05-19 01:09:55,476
518,539,2024-09-28 11:57:43,878
519,377,2024-01-13 14:01:55,793
520,406,2024-10-10 18:51:03,937
521,218,2024-08-01 05:46:40,844
522,289,2024-01-29 01:33:20,743
523,335,2024-03-17 09:35:41,155
524,577,2024-08-25 02:56:41,834
525,493,2023-11-02 04:18:50,374
526,252,2024-04-24 13:57:50,503
527,951,2024-07-19 01:35:17,358
528,398,2024-05-24 01:29:53,440
529,456,2024-08-28 18:13:46,109
530,401,2024-01-21 15:04:10,109
531,1004,2024-06-06 19:51:32,522
532,150,2024-07-16 23:30:52,423
533,634,2024-08-01 09:08:42,605
534,732,2024-04-04 17:31:52,169
535,1005,2024-06-06 11:55:32,249
536,956,2024-06-20 02:23:27,101
537,188,2024-04-06 03:43:04,580
538,966,2024-05-09 21:36:59,480
539,551,2024-07-06 20:23:20,487
540,289,2024-03-31 06:20:41,334
541,879,2024-02-01 23:14:17,817
542,828,2023-12-20 18:14:43,250
543,55,2024-07-04 13:56:51,793
544,839,2024-08-16 22:27:31,892
545,511,2024-05-26 04:15:24,403
546,348,2024-08-23 03:00:16,853
547,949,2024-07-16 22:13:33,190
548,912,2024-05-08 23:34:01,696
549,737,2024-06-28 07:31:51,418
550,772,2024-05-07 08:56:53,656
551,304,2023-12-24 12:10:41,176
552,403,2024-04-21 22:10:33,873
553,291,2024-10-21 22:50:29,685
554,89,2024-04-12 15:26:06,699
555,441,2023-11-29 09:49:25,680
556,574,2024-08-07 08:50:43,240
557,87,2024-01-18 15:30:20,178
558,28,2024-01-11 01:30:16,396
559,599,2024-09-28 23:14:12,850
560,401,2024-10-02 09:57:22,469
561,109,2024-05-02 02:34:34,464
562,90,2024-07-10 11:31:33,948
563,355,2023-12-30 17:52:39,325
564,353,2023-12-07 10:28:39,905
565,425,2024-05-04 17:51:24,446
566,403,2024-08-25 14:05:34,299
567,595,2024-08-09 02:13:59,293
568,610,2024-08-30 02:44:47,779
569,60,2024-05-08 10:57:45,156
570,1013,2024-03-20 02:18:28,657
571,296,2023-11-10 19:44:58,276
572,867,2024-01-14 00:30:07,687
573,460,2024-02-15 03:56:57,894
574,577,2024-01-30 19:50:22,504
575,528,2024-10-11 12:10:41,726
576,985,2024-02-28 12:18:47,788
577,201,2023-12-18 06:08:37,935
578,946,2023-11-10 01:12:29,977
579,800,2023-11-27 17:36:07,100
580,906,2024-05-31 06:27:35,308
581,719,2024-01-21 02:50:13,853
582,267,2024-07-16 13:37:58,812
583,596,2024-01-24 12:52:03,708
584,225,2024-07-23 09:16:06,817
585,791,2024-06-02 03:35:24,299
586,165,2024-08-08 23:42:15,150
587,452,2024-07-18 04:12:27,459
588,576,2024-07-24 11:39:06,752
589,897,2023-11-30 00:14:57,621
590,141,2024-01-03 16:39:20,809
591,1011,2024-07-24 06:40:28,120
592,649,2024-01-19 17:39:54,341
593,734,2024-10-17 01:54:34,502
594,761,2024-05-25 17:55:23,734
595,544,2024-03-27 22:40:30,690
596,146,2024-03-22 04:14:14,123
597,729,2024-02-17 04:32:27,852
598,344,2024-07-15 17:54:29,869
599,686,2023-11-17 00:44:29,238
600,764,2024-10-27 02:52:11,825
601,788,2024-04-20 17:11:00,894
602,85,2024-08-12 20:55:39,518
603,547,2024-10-05 02:58:51,784
604,465,2023-12-19 18:16:55,468
605,639,2023-12-14 01:50:35,243
606,656,2023-11-01 16:24:10,298
607,611,2024-03-26 09:20:55,461
608,651,2023-11-19 19:46:01,623
609,601,2023-11-30 00:40:26,640
610,305,2024-02-13 20:22:59,771
611,650,2024-01-14 11:52:18,366
612,40,2024-08-04 15:05:31,828
613,646,2023-11-14 16:25:31,789
614,637,2024-08-22 14:11:44,484
615,668,2023-12-20 01:59:56,350
616,433,2024-08-14 06:17:51,254
617,962,2024-08-14 02:37:26,937
618,586,2024-01-30 13:12:10,596
619,947,2024-01-04 20:42:57,746
620,569,2024-07-23 00:15:53,586
621,183,2024-07-26 03:08:17,121
622,413,2024-08-29 12:08:01,751
623,801,2024-01-17 15:44:15,166
624,400,2024-10-11 02:49:10,658
625,754,2024-03-06 04:00:50,254
626,229,2024-07-21 22:40:33,805
627,1041,2023-11-25 19:25:21,500
628,743,2024-03-24 06:05:30,359
629,1045,2024-04-26 19:02:30,179
630,98,2024-03-19 01:11:46,567
631,56,2023-11-14 01:38:03,255
632,1022,2024-03-18 00:13:30,996
633,884,2024-03-20 22:10:46,610
634,260,2024-09-26 17:21:21,847
635,765,2024-05-01 13:23:44,768
636,372,2024-01-25 11:47:11,170
637,391,2024-07-14 12:54:12,332
638,759,2024-03-20 08:39:30,424
639,663,2023-11-28 11:45:10,676
640,187,2024-01-27 22:25:26,656
641,377,2024-06-03 13:03:48,732
642,378,2023-11-15 11:42:16,820
643,157,2024-10-05 19:10:05,104
644,974,2024-09-18 03:13:54,185
645,2,2024-07-06 12:37:35,397
646,841,2024-03-19 02:36:48,923
647,461,2024-09-22 23:44:26,348
648,85,2024-08-21 01:09:20,870
649,327,2024-06-14 14:39:47,856
650,411,2024-02-18 22:32:13,238
651,199,2023-12-27 02:32:07,562
652,386,2024-05-22 13:26:13,751
653,628,2024-08-09 06:21:31,650
654,862,2024-03-28 01:04:36,378
655,387,2024-10-09 06:40:30,571
656,27,2024-06-22 00:44:01,325
657,226,2024-06-14 09:29:20,794
658,78,2024-03-20 20:28:48,320
659,323,2024-09-25 19:10:18,117
660,344,2024-05-31 07:39:41,857
661,116,2024-02-17 06:14:54,509
662,573,2024-04-26 00:23:09,794
663,130,2024-03-22 11:36:10,917
664,444,2024-05-03 14:02:01,783
665,427,2023-12-30 12:35:22,124
666,81,2024-01-24 00:06:37,557
667,173,2024-10-09 09:54:17,241
668,960,2024-05-11 06:13:30,780
669,215,2024-05-26 06:08:30,826
670,1037,2024-06-15 04:28:58,469
671,1025,2024-03-17 03:11:02,156
672,268,2023-11-27 04:00:46,201
673,426,2024-06-30 03:11:32,722
674,859,2024-10-28 19:56:28,652
675,62,2024-01-19 05:59:01,414
676,414,2024-05-30 16:08:15,771
677,5,2024-10-26 11:34:53,650
678,717,2024-08-25 03:06:32,366
679,983,2024-09-04 12:24:49,805
680,605,2024-09-23 08:21:21,310
681,268,2024-01-03 09:00:26,769
682,354,2023-11-14 02:37:34,972
683,116,2024-04-02 21:12:24,656
684,142,2023-10-31 20:09:03,201
685,994,2024-05-30 23:14:03,321
686,847,2023-12-23 18:32:14,333
687,600,2024-04-18 01:40:27,743
688,519,2024-08-04 16:19:54,569
689,107,2023-12-14 19:20:00,332
690,97,2024-05-15 18:42:40,867
691,779,2024-04-26 02:47:39,701
692,1002,2024-01-07 15:15:08,398
693,622,2024-07-27 11:10:53,675
694,569,2024-08-08 11:40:26,169
695,843,2024-01-02 06:34:23,121
696,362,2024-06-08 14:44:35,845
697,945,2024-10-22 16:59:44,271
698,430,2024-03-27 21:42:41,150
699,637,2024-04-09 14:33:35,394
700,627,2024-09-15 20:11:49,940
701,363,2024-06-16 21:00:46,953
702,862,2024-04-10 03:33:13,573
703,267,2024-03-07 04:22:13,482
704,895,2024-10-11 06:06:50,776
705,702,2024-08-01 06:48:03,441
706,383,2024-02-12 07:24:55,978
707,204,2024-02-02 22:29:37,357
708,539,2023-11-18 16:18:50,855
709,256,2024-04-06 08:02:27,654
710,28,2024-03-23 12:31:43,324
711,234,2023-11-09 14:35:14,145
712,812,2023-12-22 23:50:45,259
713,679,2024-04-26 09:04:03,528
714,202,2024-02-21 16:41:53,465
715,114,2024-03-31 19:51:40,709
716,189,2024-06-05 23:39:56,146
717,618,2024-03-18 02:56:02,566
718,593,2024-08-27 16:41:13,879
719,440,2024-01-26 19:18:00,805
720,211,2024-08-29 09:49:54,495
721,227,2024-01-01 01:57:48,775
722,34,2024-03-03 07:48:43,373
723,899,2024-08-30 23:03:07,607
724,496,2024-08-12 16:08:28,709
725,222,2024-07-30 20:19:49,666
726,110,2024-06-16 04:01:38,412
727,300,2024-09-16 20:48:51,294
728,343,2024-07-16 09:42:49,594
729,772,2024-04-22 01:48:16,526
730,580,2024-01-02 10:16:25,782
731,54,2024-05-14 05:18:23,268
732,407,2024-04-03 01:44:32,693
733,1041,2024-03-31 20:50:00,437
734,429,2024-10-13 12:30:19,792
735,872,2024-05-26 08:19:12,995
736,1020,2024-03-18 17:47:52,679
737,837,2024-02-18 00:36:30,683
738,54,2024-10-13 15:55:12,324
739,513,2024-06-16 09:52:58,802
740,146,2023-12-24 12:41:16,539
741,669,2024-04-30 17:46:55,393
742,1010,2024-07-27 21:52:57,475
743,201,2024-08-07 13:50:01,423
744,343,2024-01-03 01:54:20,362
745,342,2024-05-24 01:58:47,399
746,216,2024-05-24 23:44:44,315
747,658,2024-03-22 17:53:04,555
748,277,2024-06-12 16:47:23,274
749,499,2024-07-30 16:47:40,735
750,789,2024-04-02 04:25:51,455
751,231,2024-03-17 05:53:38,651
752,661,2024-08-23 05:24:39,834
753,1032,2024-10-03 23:57:10,481
754,894,2024-01-05 17:20:15,801
755,286,2023-12-03 17:51:57,778
756,887,2024-02-25 18:07:35,686
757,698,2023-11-07 03:45:33,237
758,705,2024-08-21 07:00:07,490
759,742,2024-02-12 18:09:18,802
760,869,2024-04-11 03:03:00,202
761,108,2024-10-20 07:27:05,677
762,310,2024-02-05 06:44:47,469
763,400,2024-10-28 00:33:12,827
764,264,2024-05-13 13:16:37,974
765,1001,2023-11-25 01:54:40,689
766,880,2024-09-13 07:24:40,768
767,685,2024-09-30 11:10:48,455
768,1013,2024-02-06 23:40:35,525
769,111,2024-08-29 04:07:13,503
770,519,2023-11-07 18:09:29,486
771,609,2024-06-13 15:00:06,192
772,481,2024-08-14 08:13:49,838
773,374,2024-07-04 00:02:29,709
774,61,2024-01-20 23:48:54,653
775,66,2023-12-31 17:57:43,307
776,981,2024-05-12 14:10:45,571
777,436,2024-09-24 11:05:19,373
778,332,2023-11-26 01:29:39,873
779,639,2024-05-28 22:43:42,596
780,864,2024-05-11 18:04:20,709
781,281,2024-03-21 19:34:06,704
782,128,2024-07-13 21:04:46,873
783,470,2024-02-10 08:41:46,368
784,352,2024-09-09 18:44:17,296
785,629,2024-02-04 22:16:00,812
786,924,2024-05-04 16:48:13,320
787,740,2024-10-15 07:58:00,627
788,538,2024-05-31 08:27:14,338
789,715,2023-12-05 20:57:01,881
790,143,2024-06-12 09:30:19,457
791,194,2024-04-01 01:31:24,468
792,719,2024-04-03 12:56:07,792
793,1049,2024-10-28 17:36:48,590
794,129,2024-02-29 08:18:44,978
795,157,2024-06-06 06:34:35,918
796,499,2024-08-13 22:33:43,205
797,838,2023-12-15 11:41:05,417
798,329,2024-06-25 10:27:49,727
799,822,2024-08-15 00:04:14,966
800,745,2024-01-20 09:18:23,168
801,987,2024-03-17 01:14:23,345
802,137,2024-01-21 22:09:08,678
803,694,2024-04-03 05:18:57,776
804,554,2023-11-10 05:22:14,779
805,642,2024-05-08 10:42:20,775
806,49,2023-10-29 23:44:18,705
807,931,2024-02-08 17:24:28,269
808,634,2024-08-20 19:47:20,303
809,290,2024-05-02 05:20:56,879
810,325,2023-11-21 00:05:09,841
811,706,2023-12-24 07:41:02,588
812,93,2024-08-29 22:50:19,501
813,670,2023-11-04 00:29:46,630
814,639,2024-05-22 02:05:45,224
815,294,2024-06-12 08:26:46,326
816,1008,2024-05-05 12:29:23,490
817,374,2024-10-02 14:01:48,643
818,660,2024-09-17 13:06:53,701
819,828,2024-03-16 23:32:02,741
820,726,2023-11-09 19:35:33,342
821,954,2024-06-30 16:34:58,190
822,13,2024-07-13 20:41:20,868
823,503,2024-02-28 00:22:19,802
824,828,2024-07-11 01:02:24,234
825,29,2024-04-25 12:11:33,622
826,330,2024-08-31 16:53:54,703
827,542,2024-01-04 00:02:09,362
828,335,2023-12-16 05:04:12,893
829,976,2023-12-29 02:04:59,298
830,465,2024-02-24 19:20:16,743
831,570,2024-04-13 07:55:04,342
832,2,2024-09-26 22:56:50,267
833,685,2024-02-22 01:10:53,460
834,810,2024-08-19 20:13:01,768
835,89,2024-09-27 16:47:05,987
836,489,2024-10-07 01:10:33,253
837,491,2023-11-21 19:21:26,939
838,81,2023-11-11 14:31:42,246
839,129,2024-05-21 09:13:52,138
840,102,2024-01-26 14:28:33,434
841,672,2023-11-16 21:14:33,231
842,951,2024-02-11 22:17:56,721
843,785,2024-08-05 09:27:14,322
844,785,2023-12-05 03:17:36,416
845,668,2023-12-10 22:06:18,471
846,612,2023-11-20 23:45:37,529
847,202,2024-04-24 06:33:43,360
848,403,2024-02-24 22:16:27,386
849,409,2024-02-05 22:35:04,948
850,164,2024-02-29 13:41:41,941
851,474,2024-05-29 17:38:37,344
852,1033,2023-10-31 14:12:23,571
853,285,2023-12-06 13:18:53,261
854,197,2024-05-30 01:35:44,862
855,84,2024-07-08 03:15:39,395
856,224,2024-06-09 06:34:23,100
857,495,2023-12-26 17:02:02,784
858,766,2024-05-12 19:09:16,703
859,222,2023-12-02 18:06:14,498
860,629,2024-07-13 14:42:52,744
861,42,2024-08-18 07:55:02,794
862,836,2024-04-29 12:02:22,309
863,446,2024-06-09 19:36:28,522
864,583,2024-06-17 21:56:10,787
865,528,2024-02-04 02:39:46,914
866,53,2024-02-06 09:21:03,515
867,412,2023-12-25 23:59:58,766
868,68,2024-01-19 08:53:40,976
869,369,2024-09-11 05:41:42,783
870,664,2023-12-19 05:58:18,934
871,927,2023-11-18 06:20:41,749
872,983,2024-03-05 20:43:10,154
873,430,2024-07-07 14:54:11,711
874,152,2024-05-18 19:47:20,776
875,1030,2023-12-30 18:14:37,824
876,468,2024-08-04 12:11:02,417
877,159,2024-02-15 18:09:10,818
878,736,2024-02-09 19:05:59,927
879,104,2024-07-09 09:43:32,741
880,990,2024-07-11 02:35:47,697
881,367,2024-04-01 09:23:41,841
882,97,2024-04-03 17:19:25,568
883,971,2024-02-28 18:29:07,859
884,694,2024-03-16 09:50:42,960
885,395,2024-09-08 10:45:11,290
886,708,2023-12-22 02:49:51,173
887,758,2024-05-16 01:57:26,583
888,633,2023-10-30 15:17:03,482
889,1032,2024-06-26 11:16:14,685
890,688,2023-12-02 06:34:29,785
891,416,2024-08-30 18:05:52,774
892,595,2024-09-23 03:20:37,220
893,919,2024-04-07 06:41:06,854
894,693,2023-12-14 02:43:43,517
895,542,2024-02-12 06:00:50,761
896,61,2024-02-24 15:56:55,325
897,210,2024-09-23 01:03:37,100
898,927,2024-03-16 19:33:34,831
899,326,2024-07-29 06:43:39,208
900,165,2023-11-27 23:13:17,768
901,216,2024-07-01 05:16:59,171
902,771,2024-03-18 18:53:17,956
903,61,2024-04-01 20:15:18,123
904,548,2024-01-26 08:29:43,293
905,378,2024-06-03 14:48:13,646
906,400,2024-04-25 00:04:57,303
907,382,2024-04-24 05:15:16,228
908,345,2024-03-19 17:21:05,378
909,118,2024-10-07 19:23:09,408
910,662,2024-02-13 02:15:04,138
911,832,2024-06-29 18:08:24,102
912,195,2024-04-04 01:26:46,646
913,802,2024-06-26 09:19:21,884
914,174,2024-08-08 01:54:57,243
915,869,2024-09-12 21:19:35,343
916,995,2024-08-28 17:09:20,327
917,318,2024-07-06 13:26:51,587
918,487,2024-08-08 00:25:15,537
919,108,2024-02-25 02:52:49,855
920,447,2024-10-14 17:49:20,186
921,1011,2024-07-12 21:53:22,861
922,977,2024-04-19 20:47:52,693
923,857,2024-03-21 18:59:25,490
924,221,2024-03-16 11:26:37,575
925,728,2024-10-02 00:33:10,929
926,394,2024-03-22 12:18:27,584
927,823,2024-06-29 17:29:44,193
928,255,2024-02-01 04:18:07,652
929,791,2024-09-07 10:42:19,539
930,925,2024-09-14 22:13:46,841
931,266,2024-09-20 00:11:11,661
932,78,2024-01-10 11:17:44,540
933,206,2024-04-16 04:26:19,981
934,216,2024-05-25 13:28:29,698
935,852,2024-07-26 05:28:38,942
936,229,2024-04-06 09:23:16,591
937,248,2024-08-09 10:32:58,756
938,409,2024-09-04 17:43:16,510
939,636,2024-10-16 04:01:04,758
940,266,2024-09-26 09:02:12,980
941,81,2024-03-18 16:13:41,340
942,16,2024-01-20 08:35:36,463
943,200,2024-05-20 20:34:23,326
944,387,2024-01-07 02:10:27,899
945,109,2024-10-26 17:33:55,273
946,729,2024-02-26 07:31:04,139
947,406,2024-10-13 16:18:43,449
948,897,2024-01-17 03:16:50,828
949,397,2024-04-13 15:54:25,483
950,517,2024-10-25 04:36:28,602
951,328,2023-11-11 16:21:31,516
952,750,2024-02-20 03:43:04,502
953,826,2024-05-26 09:50:43,394
954,672,2024-09-04 09:47:04,353
955,638,2024-03-01 20:24:08,775
956,833,2023-11-08 10:38:49,289
957,987,2024-05-21 22:13:34,573
958,765,2023-12-28 05:34:20,990
959,438,2024-10-26 13:44:45,851
960,704,2023-11-14 01:13:59,153
961,667,2024-10-11 15:49:26,242
962,195,2024-03-27 16:32:43,452
963,899,2024-07-23 13:18:49,519
964,328,2023-12-08 22:12:18,221
965,891,2024-09-04 13:28:30,561
966,379,2024-02-29 08:03:16,332
967,219,2024-07-20 11:37:08,751
968,331,2024-10-21 22:58:35,784
969,837,2024-03-18 04:28:27,411
970,749,2024-02-25 06:50:25,801
971,155,2024-10-12 01:03:38,425
972,364,2024-08-06 11:37:47,468
973,608,2024-01-13 12:52:51,477
974,900,2024-09-18 05:35:47,661
975,700,2023-12-28 22:24:54,898
976,469,2024-01-20 16:56:38,186
977,436,2024-07-23 20:39:15,105
978,388,2024-07-06 13:16:49,342
979,289,2024-08-28 04:53:35,140
980,980,2024-10-18 22:13:33,393
981,145,2024-02-07 05:25:14,941
982,22,2024-08-18 08:03:17,720
983,353,2023-11-12 10:45:12,343
984,1004,2023-11-29 16:37:44,293
985,11,2024-06-28 17:10:21,583
986,243,2024-06-24 06:19:30,371
987,331,2024-09-22 15:48:45,891
988,754,2024-02-01 16:40:05,114
989,986,2024-05-22 19:44:54,909
990,151,2023-12-20 08:24:11,542
991,706,2024-08-06 04:26:19,170
992,955,2024-03-14 19:48:20,653
993,397,2024-08-27 01:56:52,415
994,693,2024-05-13 21:33:00,786
995,970,2024-10-21 10:42:15,516
996,186,2023-12-10 07:27:33,256
997,75,2024-09-21 19:18:33,752
998,540,2023-12-16 10:29:29,922
999,833,2024-01-26 08:33:55,360
1000,64,2023-11-07 09:23:31,897
